{
  "Junit Performance Test" : {
    "transaction" : "Junit Performance Test",
    "sampleCount" : 100,
    "errorCount" : 0,
    "errorPct" : 0.0,
    "meanResTime" : 17.059999999999995,
    "medianResTime" : 12.0,
    "minResTime" : 8.0,
    "maxResTime" : 141.0,
    "pct1ResTime" : 31.0,
    "pct2ResTime" : 32.94999999999999,
    "pct3ResTime" : 139.95999999999947,
    "throughput" : 5.268148772521336,
    "receivedKBytesPerSec" : 0.0,
    "sentKBytesPerSec" : 0.0
  },
  "Total" : {
    "transaction" : "Total",
    "sampleCount" : 100,
    "errorCount" : 0,
    "errorPct" : 0.0,
    "meanResTime" : 17.059999999999995,
    "medianResTime" : 12.0,
    "minResTime" : 8.0,
    "maxResTime" : 141.0,
    "pct1ResTime" : 31.0,
    "pct2ResTime" : 32.94999999999999,
    "pct3ResTime" : 139.95999999999947,
    "throughput" : 5.268148772521336,
    "receivedKBytesPerSec" : 0.0,
    "sentKBytesPerSec" : 0.0
  }
}